{
  "mean": [
    -0.006062965834788798
  ],
  "std": [
    1.0448501681182045
  ]
}